0	0.000000	0.000000	
1	1.000000	1.412593	
2	2.000000	2.824664	
3	3.000000	4.236146	
4	4.000000	5.647057	
5	5.000000	7.057431	
6	6.000000	8.467182	
7	7.000000	9.876413	
8	8.000000	11.285042	
9	9.000000	12.693115	
10	10.000000	14.100639	
11	11.000000	15.507557	
12	12.000000	16.913954	
13	13.000000	18.319740	
14	14.000000	5.225319	
15	15.000000	1.129669	
16	16.000000	2.533758	
17	17.000000	3.937330	
18	18.000000	5.340286	
19	19.000000	6.742704	
20	0.000000	8.144564	
21	1.000000	9.545832	
22	2.000000	10.946581	
23	3.000000	12.346718	
24	4.000000	13.746319	
25	5.000000	15.145363	
26	6.000000	16.543816	
27	7.000000	17.941753	
28	8.000000	12.557465	
29	9.000000	0.735870	
30	10.000000	2.132111	
31	11.000000	3.527756	
32	12.000000	4.922886	
33	13.000000	6.317413	
34	14.000000	7.711403	
35	15.000000	9.104847	
36	16.000000	10.497696	
37	17.000000	11.890026	
38	18.000000	13.281765	
39	19.000000	14.672958	
40	0.000000	16.063618	
41	1.000000	17.453671	
42	2.000000	18.843212	
43	3.000000	0.232174	
44	4.000000	1.620575	
45	5.000000	3.008461	
46	6.000000	4.395729	
47	7.000000	5.782486	
48	8.000000	7.168678	
49	9.000000	8.554298	
50	10.000000	9.939415	
51	11.000000	11.323914	
52	12.000000	12.707893	
53	13.000000	14.091331	
54	14.000000	15.474174	
55	15.000000	16.856514	
56	16.000000	18.238266	
57	17.000000	7.229950	
58	18.000000	1.000168	
59	19.000000	2.380241	
60	0.000000	3.759811	
61	1.000000	5.138832	
62	2.000000	6.517265	
63	3.000000	7.895195	
64	4.000000	9.272545	
65	5.000000	10.649353	
66	6.000000	12.025642	
67	7.000000	13.401321	
68	8.000000	14.776505	
69	9.000000	16.151123	
70	10.000000	17.525177	
71	11.000000	18.898720	
72	12.000000	0.271683	
73	13.000000	1.644104	
74	14.000000	3.016022	
75	15.000000	4.387321	
76	16.000000	5.758125	
77	17.000000	7.128380	
78	18.000000	8.498062	
79	19.000000	9.867233	
80	0.000000	11.235847	
81	1.000000	12.603905	
82	2.000000	13.971458	
83	3.000000	15.338409	
84	4.000000	16.704857	
85	5.000000	18.070778	
86	6.000000	10.714027	
87	7.000000	0.800926	
88	8.000000	2.165199	
89	9.000000	3.528915	
90	10.000000	4.892128	
91	11.000000	6.254761	
92	12.000000	7.616852	
93	13.000000	8.978455	
94	14.000000	10.339462	
95	15.000000	11.699951	
96	16.000000	13.059921	
97	17.000000	14.419296	
98	18.000000	15.778183	
99	19.000000	17.136520	
100	0.000000	18.494308	
101	1.000000	2.820023	
102	2.000000	1.208298	
103	3.000000	2.564468	
104	4.000000	3.920135	
105	5.000000	5.275238	
106	6.000000	6.629807	
107	7.000000	7.983871	
108	8.000000	9.337357	
109	9.000000	10.690323	
110	10.000000	12.042786	
111	11.000000	13.394669	
112	12.000000	14.746033	
113	13.000000	16.096893	
114	14.000000	17.447159	
115	15.000000	18.796936	
116	16.000000	0.146179	
117	17.000000	1.494873	
118	18.000000	2.843048	
119	19.000000	4.190689	
120	0.000000	5.537781	
121	1.000000	6.884384	
122	2.000000	8.230423	
123	3.000000	9.575928	
124	4.000000	10.920929	
125	5.000000	12.265366	
126	6.000000	13.609283	
127	7.000000	14.952713	
128	8.000000	16.295547	
129	9.000000	17.637894	
130	10.000000	18.979736	
131	11.000000	0.320969	
132	12.000000	1.661728	
133	13.000000	3.001999	
134	14.000000	4.341660	
135	15.000000	5.680832	
136	16.000000	7.019516	
137	17.000000	8.357605	
138	18.000000	9.695190	
139	19.000000	11.032303	
140	0.000000	12.368820	
141	1.000000	13.704834	
142	2.000000	15.040359	
143	3.000000	16.375290	
144	4.000000	17.709747	
145	5.000000	18.169968	
146	6.000000	0.377060	
147	7.000000	1.709946	
148	8.000000	3.042313	
149	9.000000	4.374130	
150	10.000000	5.705444	
151	11.000000	7.036255	
152	12.000000	8.366486	
153	13.000000	9.696228	
154	14.000000	11.025482	
155	15.000000	12.354156	
156	16.000000	13.682343	
157	17.000000	15.010040	
158	18.000000	16.337158	
159	19.000000	17.663773	
160	0.000000	18.989899	
161	1.000000	0.315460	
162	2.000000	1.640533	
163	3.000000	2.965103	
164	4.000000	4.289108	
165	5.000000	5.612625	
166	6.000000	6.935654	
167	7.000000	8.258102	
168	8.000000	9.580063	
169	9.000000	10.901535	
170	10.000000	12.222458	
171	11.000000	13.542847	
172	12.000000	14.862778	
173	13.000000	16.182144	
174	14.000000	17.501007	
175	15.000000	18.819366	
176	16.000000	0.137222	
177	17.000000	1.454529	
178	18.000000	2.771347	
179	19.000000	4.087662	
180	0.000000	5.403427	
181	1.000000	6.718704	
182	2.000000	8.033493	
183	3.000000	9.347717	
184	4.000000	10.661453	
185	5.000000	11.974716	
186	6.000000	13.287399	
187	7.000000	14.599594	
188	8.000000	15.911316	
189	9.000000	17.222504	
190	10.000000	18.533142	
191	11.000000	2.976868	
192	12.000000	1.152985	
193	13.000000	2.462128	
194	14.000000	3.770752	
195	15.000000	5.078888	
196	16.000000	6.386505	
197	17.000000	7.693604	
198	18.000000	9.000244	
199	19.000000	10.306305	
200	0.000000	11.611908	
201	1.000000	12.916992	
202	2.000000	14.221558	
203	3.000000	15.525635	
204	4.000000	16.829224	
205	5.000000	18.132263	
206	6.000000	10.738525	
207	7.000000	0.736877	
208	8.000000	2.038422	
209	9.000000	3.339447	
210	10.000000	4.639984	
211	11.000000	5.940033	
212	12.000000	7.239532	
213	13.000000	8.538544	
214	14.000000	9.837097	
215	15.000000	11.135101	
216	16.000000	12.432587	
217	17.000000	13.729614	
218	18.000000	15.026154	
219	19.000000	16.322144	
220	0.000000	17.617645	
221	1.000000	18.912689	
222	2.000000	0.207184	
223	3.000000	1.501160	
224	4.000000	2.794708	
225	5.000000	4.087708	
226	6.000000	5.380219	
227	7.000000	6.672211	
228	8.000000	7.963776	
229	9.000000	9.254730	
230	10.000000	10.545258	
231	11.000000	11.835266	
232	12.000000	13.124817	
233	13.000000	14.413788	
234	14.000000	15.702332	
235	15.000000	16.990387	
236	16.000000	18.277893	
237	17.000000	8.266693	
238	18.000000	0.851471	
239	19.000000	2.137512	
240	0.000000	3.423035	
241	1.000000	4.708099	
242	2.000000	5.992676	
243	3.000000	7.276733	
244	4.000000	8.560272	
245	5.000000	9.843384	
246	6.000000	11.125946	
247	7.000000	12.408020	
248	8.000000	13.689606	
249	9.000000	14.970734	
250	10.000000	16.251312	
251	11.000000	17.531433	
252	12.000000	18.811066	
253	13.000000	0.090210	
254	14.000000	1.368835	
255	15.000000	2.646973	
256	16.000000	3.924683	
257	17.000000	5.201843	
258	18.000000	6.478485	
259	19.000000	7.754669	
260	0.000000	9.030396	
261	1.000000	10.305573	
262	2.000000	11.580292	
263	3.000000	12.854523	
264	4.000000	14.128265	
265	5.000000	15.401520	
266	6.000000	16.674286	
267	7.000000	17.946564	
268	8.000000	14.851288	
269	9.000000	0.489655	
270	10.000000	1.760468	
271	11.000000	3.030853	
272	12.000000	4.300659	
273	13.000000	5.570007	
274	14.000000	6.838898	
275	15.000000	8.107269	
276	16.000000	9.375153	
277	17.000000	10.642578	
278	18.000000	11.909546	
279	19.000000	13.175964	
280	0.000000	14.441895	
281	1.000000	15.707367	
282	2.000000	16.972412	
283	3.000000	18.236908	
284	4.000000	9.482605	
285	5.000000	0.764465	
286	6.000000	2.027557	
287	7.000000	3.290100	
288	8.000000	4.552216	
289	9.000000	5.813843	
290	10.000000	7.074982	
291	11.000000	8.335632	
292	12.000000	9.595795	
293	13.000000	10.855499	
294	14.000000	12.114716	
295	15.000000	13.373413	
296	16.000000	14.631683	
297	17.000000	15.889465	
298	18.000000	17.146759	
299	19.000000	18.403564	
300	0.000000	6.462250	
301	1.000000	0.915771	
302	2.000000	2.171173	
303	3.000000	3.426025	
304	4.000000	4.680450	
305	5.000000	5.934448	
306	6.000000	7.187897	
307	7.000000	8.440887	
308	8.000000	9.693420	
309	9.000000	10.945465	
310	10.000000	12.196991	
311	11.000000	13.448059	
312	12.000000	14.698700	
313	13.000000	15.948883	
314	14.000000	17.198517	
315	15.000000	18.447693	
316	16.000000	5.768188	
317	17.000000	0.944702	
318	18.000000	2.192444	
319	19.000000	3.439697	
320	0.000000	4.686554	
321	1.000000	5.932922	
322	2.000000	7.178772	
323	3.000000	8.424164	
324	4.000000	9.669098	
325	5.000000	10.913574	
326	6.000000	12.157532	
327	7.000000	13.401062	
328	8.000000	14.644104	
329	9.000000	15.886688	
330	10.000000	17.128815	
331	11.000000	18.370422	
332	12.000000	7.380127	
333	13.000000	0.852264	
334	14.000000	2.092499	
335	15.000000	3.332245	
336	16.000000	4.571533	
337	17.000000	5.810364	
338	18.000000	7.048737	
339	19.000000	8.286591	
340	0.000000	9.523987	
341	1.000000	10.760925	
342	2.000000	11.997437	
343	3.000000	13.233429	
344	4.000000	14.468964	
345	5.000000	15.704041	
346	6.000000	16.938690	
347	7.000000	18.172821	
348	8.000000	11.276611	
349	9.000000	0.639709	
350	10.000000	1.872467	
351	11.000000	3.104736	
352	12.000000	4.336548	
353	13.000000	5.567902	
354	14.000000	6.798798	
355	15.000000	8.029236	
356	16.000000	9.259186	
357	17.000000	10.488678	
358	18.000000	11.717712	
359	19.000000	12.946320	
360	0.000000	14.174408	
361	1.000000	15.402039	
362	2.000000	16.629242	
363	3.000000	17.855988	
364	4.000000	17.436768	
365	5.000000	0.308014	
366	6.000000	1.533356	
367	7.000000	2.758240	
368	8.000000	3.982697	
369	9.000000	5.206635	
370	10.000000	6.430115	
371	11.000000	7.653168	
372	12.000000	8.875763	
373	13.000000	10.097900	
374	14.000000	11.319550	
375	15.000000	12.540741	
376	16.000000	13.761475	
377	17.000000	14.981781	
378	18.000000	16.201599	
379	19.000000	17.420959	
380	0.000000	18.639862	
381	1.000000	2.691589	
382	2.000000	1.076355	
383	3.000000	2.293884	
384	4.000000	3.510956	
385	5.000000	4.727600	
386	6.000000	5.943817	
387	7.000000	7.159485	
388	8.000000	8.374756	
389	9.000000	9.589569	
390	10.000000	10.803925	
391	11.000000	12.017822	
392	12.000000	13.231262	
393	13.000000	14.444214	
394	14.000000	15.656799	
395	15.000000	16.868896	
396	16.000000	18.080505	
397	17.000000	13.457947	
398	18.000000	0.502380	
399	19.000000	1.712708	
400	0.000000	2.922485	
401	1.000000	4.131897	
402	2.000000	5.340759	
403	3.000000	6.549255	
404	4.000000	7.757263	
405	5.000000	8.964844	
406	6.000000	10.171936	
407	7.000000	11.378601	
408	8.000000	12.584778	
409	9.000000	13.790588	
410	10.000000	14.995911	
411	11.000000	16.200745	
412	12.000000	17.405151	
413	13.000000	18.609070	
414	14.000000	3.560181	
415	15.000000	1.015686	
416	16.000000	2.218323	
417	17.000000	3.420471	
418	18.000000	4.622192	
419	19.000000	5.823486	
420	0.000000	7.024353	
421	1.000000	8.224670	
422	2.000000	9.424561	
423	3.000000	10.624084	
424	4.000000	11.823120	
425	5.000000	13.021729	
426	6.000000	14.219849	
427	7.000000	15.417542	
428	8.000000	16.614807	
429	9.000000	17.811646	
430	10.000000	18.846924	
431	11.000000	0.203918	
432	12.000000	1.399414	
433	13.000000	2.594421	
434	14.000000	3.789063	
435	15.000000	4.983215	
436	16.000000	6.176880	
437	17.000000	7.370117	
438	18.000000	8.562927	
439	19.000000	9.755371	
440	0.000000	10.947266	
441	1.000000	12.138733	
442	2.000000	13.329834	
443	3.000000	14.520386	
444	4.000000	15.710571	
445	5.000000	16.900330	
446	6.000000	18.089600	
447	7.000000	13.709595	
448	8.000000	0.466797	
449	9.000000	1.654785	
450	10.000000	2.842346	
451	11.000000	4.029419	
452	12.000000	5.216064	
453	13.000000	6.402222	
454	14.000000	7.588013	
455	15.000000	8.773376	
456	16.000000	9.958252	
457	17.000000	11.142700	
458	18.000000	12.326721	
459	19.000000	13.510254	
460	0.000000	14.693420	
461	1.000000	15.876160	
462	2.000000	17.058411	
463	3.000000	18.240234	
464	4.000000	10.990173	
465	5.000000	0.602539	
466	6.000000	1.783081	
467	7.000000	2.963196	
468	8.000000	4.142822	
469	9.000000	5.322021	
470	10.000000	6.500793	
471	11.000000	7.679138	
472	12.000000	8.857056	
473	13.000000	10.034546	
474	14.000000	11.211548	
475	15.000000	12.388123	
476	16.000000	13.564331	
477	17.000000	14.740051	
478	18.000000	15.915405	
479	19.000000	17.090271	
480	0.000000	18.264709	
481	1.000000	10.664307	
482	2.000000	0.612244	
483	3.000000	1.785400	
484	4.000000	2.958191	
485	5.000000	4.130432	
486	6.000000	5.302246	
487	7.000000	6.473694	
488	8.000000	7.644653	
489	9.000000	8.815247	
490	10.000000	9.985413	
491	11.000000	11.155029	
492	12.000000	12.324341	
493	13.000000	13.493164	
494	14.000000	14.661560	
495	15.000000	15.829590	
496	16.000000	16.997131	
497	17.000000	18.164246	
498	18.000000	12.713440	
499	19.000000	0.497192	
500	0.000000	1.663025	
501	1.000000	2.828430	
502	2.000000	3.993469	
503	3.000000	5.158020	
504	4.000000	6.322083	
505	5.000000	7.485779	
506	6.000000	8.649109	
507	7.000000	9.811951	
508	8.000000	10.974365	
509	9.000000	12.136353	
510	10.000000	13.297913	
511	11.000000	14.459106	
512	12.000000	15.619751	
513	13.000000	16.780090	
514	14.000000	17.940002	
515	15.000000	17.110901	
516	16.000000	0.258423	
517	17.000000	1.417053	
518	18.000000	2.575195	
519	19.000000	3.732971	
520	0.000000	4.890320	
521	1.000000	6.047241	
522	2.000000	7.203735	
523	3.000000	8.359741	
524	4.000000	9.515381	
525	5.000000	10.670593	
526	6.000000	11.825439	
527	7.000000	12.979797	
528	8.000000	14.133789	
529	9.000000	15.287231	
530	10.000000	16.440369	
531	11.000000	17.593079	
532	12.000000	18.745361	
533	13.000000	1.952881	
534	14.000000	1.048645	
535	15.000000	2.199585	
536	16.000000	3.350220	
537	17.000000	4.500366	
538	18.000000	5.650146	
539	19.000000	6.799438	
540	0.000000	7.948364	
541	1.000000	9.096924	
542	2.000000	10.244995	
543	3.000000	11.392578	
544	4.000000	12.539856	
545	5.000000	13.686707	
546	6.000000	14.833130	
547	7.000000	15.979126	
548	8.000000	17.124695	
549	9.000000	18.269836	
550	10.000000	11.123535	
551	11.000000	0.558899	
552	12.000000	1.702820	
553	13.000000	2.846313	
554	14.000000	3.989380	
555	15.000000	5.132080	
556	16.000000	6.274292	
557	17.000000	7.416138	
558	18.000000	8.557556	
559	19.000000	9.698547	
560	0.000000	10.839111	
561	1.000000	11.979309	
562	2.000000	13.119141	
563	3.000000	14.258423	
564	4.000000	15.397339	
565	5.000000	16.535889	
566	6.000000	17.674011	
567	7.000000	18.811707	
568	8.000000	0.968323	
569	9.000000	1.085876	
570	10.000000	2.222351	
571	11.000000	3.358398	
572	12.000000	4.494019	
573	13.000000	5.629211	
574	14.000000	6.764038	
575	15.000000	7.898499	
576	16.000000	9.032532	
577	17.000000	10.166077	
578	18.000000	11.299255	
579	19.000000	12.432007	
580	0.000000	13.564392	
581	1.000000	14.696350	
582	2.000000	15.827820	
583	3.000000	16.958984	
584	4.000000	18.089722	
585	5.000000	14.819397	
586	6.000000	0.349915	
587	7.000000	1.479370	
588	8.000000	2.608459	
589	9.000000	3.737183	
590	10.000000	4.865479	
591	11.000000	5.993408	
592	12.000000	7.120789	
593	13.000000	8.247864	
594	14.000000	9.374512	
595	15.000000	10.500732	
596	16.000000	11.626587	
597	17.000000	12.752014	
598	18.000000	13.877014	
599	19.000000	15.001648	
600	0.000000	16.125854	
601	1.000000	17.249695	
602	2.000000	18.373047	
603	3.000000	9.575378	
604	4.000000	0.618591	
605	5.000000	1.740845	
606	6.000000	2.862671	
607	7.000000	3.984070	
608	8.000000	5.104980	
609	9.000000	6.225586	
610	10.000000	7.345703	
611	11.000000	8.465515	
612	12.000000	9.584900	
613	13.000000	10.703857	
614	14.000000	11.822449	
615	15.000000	12.940613	
616	16.000000	14.058350	
617	17.000000	15.175720	
618	18.000000	16.292664	
619	19.000000	17.409241	
620	0.000000	18.525330	
621	1.000000	6.818848	
622	2.000000	0.756470	
623	3.000000	1.871460	
624	4.000000	2.985962	
625	5.000000	4.100159	
626	6.000000	5.213867	
627	7.000000	6.327271	
628	8.000000	7.440186	
629	9.000000	8.552734	
630	10.000000	9.664917	
631	11.000000	10.776672	
632	12.000000	11.888062	
633	13.000000	12.999023	
634	14.000000	14.109558	
635	15.000000	15.219727	
636	16.000000	16.329529	
637	17.000000	17.438843	
638	18.000000	18.547852	
639	19.000000	6.527771	
640	0.000000	0.764648	
641	1.000000	1.872437	
642	2.000000	2.979858	
643	3.000000	4.086853	
644	4.000000	5.193420	
645	5.000000	6.299622	
646	6.000000	7.405396	
647	7.000000	8.510864	
648	8.000000	9.615906	
649	9.000000	10.720520	
650	10.000000	11.824707	
651	11.000000	12.928589	
652	12.000000	14.032043	
653	13.000000	15.135071	
654	14.000000	16.237732	
655	15.000000	17.339966	
656	16.000000	18.441833	
657	17.000000	8.676636	
658	18.000000	0.644409	
659	19.000000	1.745056	
660	0.000000	2.845398	
661	1.000000	3.945313	
662	2.000000	5.044800	
663	3.000000	6.143921	
664	4.000000	7.242615	
665	5.000000	8.341003	
666	6.000000	9.438904	
667	7.000000	10.536499	
668	8.000000	11.633667	
669	9.000000	12.730469	
670	10.000000	13.826843	
671	11.000000	14.922852	
672	12.000000	16.018433	
673	13.000000	17.113647	
674	14.000000	18.208496	
675	15.000000	13.244568	
676	16.000000	0.396973	
677	17.000000	1.490601	
678	18.000000	2.583923	
679	19.000000	3.676758	
680	0.000000	4.769287	
681	1.000000	5.861450	
682	2.000000	6.953186	
683	3.000000	8.044495	
684	4.000000	9.135376	
685	5.000000	10.225952	
686	6.000000	11.316101	
687	7.000000	12.405945	
688	8.000000	13.495300	
689	9.000000	14.584290	
690	10.000000	15.672913	
691	11.000000	16.761230	
692	12.000000	17.849060	
693	13.000000	18.936523	
694	14.000000	0.023682	
695	15.000000	1.110352	
696	16.000000	2.196655	
697	17.000000	3.282532	
698	18.000000	4.368103	
699	19.000000	5.453308	
700	0.000000	6.538086	
701	1.000000	7.622437	
702	2.000000	8.706482	
703	3.000000	9.790100	
704	4.000000	10.873352	
705	5.000000	11.956177	
706	6.000000	13.038696	
707	7.000000	14.120789	
708	8.000000	15.202515	
709	9.000000	16.283813	
710	10.000000	17.364746	
711	11.000000	18.445313	
712	12.000000	9.015259	
713	13.000000	0.605286	
714	14.000000	1.684692	
715	15.000000	2.763794	
716	16.000000	3.842468	
717	17.000000	4.920715	
718	18.000000	5.998596	
719	19.000000	7.076111	
720	0.000000	8.153259	
721	1.000000	9.230042	
722	2.000000	10.306396	
723	3.000000	11.382385	
724	4.000000	12.458008	
725	5.000000	13.533264	
726	6.000000	14.608154	
727	7.000000	15.682617	
728	8.000000	16.756714	
729	9.000000	17.830444	
730	10.000000	18.903809	
731	11.000000	0.440674	
732	12.000000	1.049438	
733	13.000000	2.121643	
734	14.000000	3.193481	
735	15.000000	4.264954	
736	16.000000	5.335999	
737	17.000000	6.406677	
738	18.000000	7.476990	
739	19.000000	8.546997	
740	0.000000	9.616577	
741	1.000000	10.685791	
742	2.000000	11.754578	
743	3.000000	12.823059	
744	4.000000	13.891113	
745	5.000000	14.958862	
746	6.000000	16.026245	
747	7.000000	17.093140	
748	8.000000	18.159729	
749	9.000000	14.706909	
750	10.000000	0.291748	
751	11.000000	1.357178	
752	12.000000	2.422302	
753	13.000000	3.487061	
754	14.000000	4.551392	
755	15.000000	5.615356	
756	16.000000	6.678894	
757	17.000000	7.742126	
758	18.000000	8.804993	
759	19.000000	9.867432	
760	0.000000	10.929626	
761	1.000000	11.991333	
762	2.000000	13.052734	
763	3.000000	14.113708	
764	4.000000	15.174255	
765	5.000000	16.234497	
766	6.000000	17.294373	
767	7.000000	18.353882	
768	8.000000	11.152527	
769	9.000000	0.471802	
770	10.000000	1.530212	
771	11.000000	2.588196	
772	12.000000	3.645813	
773	13.000000	4.703186	
774	14.000000	5.760071	
775	15.000000	6.816589	
776	16.000000	7.872803	
777	17.000000	8.928589	
778	18.000000	9.984070	
779	19.000000	11.039124	
780	0.000000	12.093811	
781	1.000000	13.148132	
782	2.000000	14.202148	
783	3.000000	15.255737	
784	4.000000	16.308960	
785	5.000000	17.361816	
786	6.000000	18.414307	
787	7.000000	10.137817	
788	8.000000	0.518250	
789	9.000000	1.569641	
790	10.000000	2.620667	
791	11.000000	3.671326	
792	12.000000	4.721619	
793	13.000000	5.771545	
794	14.000000	6.821167	
795	15.000000	7.870361	
796	16.000000	8.919189	
797	17.000000	9.967712	
798	18.000000	11.015808	
799	19.000000	12.063538	
800	0.000000	13.110901	
801	1.000000	14.157898	
802	2.000000	15.204590	
803	3.000000	16.250854	
804	4.000000	17.296753	
805	5.000000	18.342346	
806	6.000000	11.637268	
807	7.000000	0.432373	
808	8.000000	1.476807	
809	9.000000	2.520935	
810	10.000000	3.564697	
811	11.000000	4.608093	
812	12.000000	5.651123	
813	13.000000	6.693787	
814	14.000000	7.736084	
815	15.000000	8.778015	
816	16.000000	9.819580	
817	17.000000	10.860840	
818	18.000000	11.901672	
819	19.000000	12.942200	
820	0.000000	13.982361	
821	1.000000	15.022095	
822	2.000000	16.061523	
823	3.000000	17.100525	
824	4.000000	18.139221	
825	5.000000	15.625366	
826	6.000000	0.215515	
827	7.000000	1.253113	
828	8.000000	2.290405	
829	9.000000	3.327332	
830	10.000000	4.363831	
831	11.000000	5.400024	
832	12.000000	6.435852	
833	13.000000	7.471313	
834	14.000000	8.506409	
835	15.000000	9.541199	
836	16.000000	10.575562	
837	17.000000	11.609558	
838	18.000000	12.643250	
839	19.000000	13.676636	
840	0.000000	14.709595	
841	1.000000	15.742188	
842	2.000000	16.774414	
843	3.000000	17.806335	
844	4.000000	18.837830	
845	5.000000	2.488647	
846	6.000000	0.899841	
847	7.000000	1.930298	
848	8.000000	2.960449	
849	9.000000	3.990173	
850	10.000000	5.019653	
851	11.000000	6.048706	
852	12.000000	7.077393	
853	13.000000	8.105713	
854	14.000000	9.133667	
855	15.000000	10.161377	
856	16.000000	11.188599	
857	17.000000	12.215454	
858	18.000000	13.242065	
859	19.000000	14.268311	
860	0.000000	15.294189	
861	1.000000	16.319702	
862	2.000000	17.344849	
863	3.000000	18.369629	
864	4.000000	11.513184	
865	5.000000	0.418213	
866	6.000000	1.441895	
867	7.000000	2.465332	
868	8.000000	3.488403	
869	9.000000	4.511108	
870	10.000000	5.533447	
871	11.000000	6.555420	
872	12.000000	7.577026	
873	13.000000	8.598267	
874	14.000000	9.619263	
875	15.000000	10.639893	
876	16.000000	11.660156	
877	17.000000	12.680054	
878	18.000000	13.699585	
879	19.000000	14.718750	
880	0.000000	15.737549	
881	1.000000	16.755981	
882	2.000000	17.774170	
883	3.000000	18.791992	
884	4.000000	3.620483	
885	5.000000	0.826538	
886	6.000000	1.843262	
887	7.000000	2.859619	
888	8.000000	3.875732	
889	9.000000	4.891479	
890	10.000000	5.906738	
891	11.000000	6.921875	
892	12.000000	7.936523	
893	13.000000	8.950806	
894	14.000000	9.964722	
895	15.000000	10.978394	
896	16.000000	11.991699	
897	17.000000	13.004517	
898	18.000000	14.017090	
899	19.000000	15.029297	
900	0.000000	16.041260	
901	1.000000	17.052734	
902	2.000000	18.063965	
903	3.000000	17.578247	
904	4.000000	0.085327	
905	5.000000	1.095459	
906	6.000000	2.105347	
907	7.000000	3.114746	
908	8.000000	4.123901	
909	9.000000	5.132690	
910	10.000000	6.141113	
911	11.000000	7.149170	
912	12.000000	8.156982	
913	13.000000	9.164307	
914	14.000000	10.171387	
915	15.000000	11.178101	
916	16.000000	12.184570	
917	17.000000	13.190552	
918	18.000000	14.196289	
919	19.000000	15.201538	
920	0.000000	16.206543	
921	1.000000	17.211182	
922	2.000000	18.215576	
923	3.000000	14.829834	
924	4.000000	0.223145	
925	5.000000	1.226440	
926	6.000000	2.229370	
927	7.000000	3.232056	
928	8.000000	4.234253	
929	9.000000	5.236206	
930	10.000000	6.237793	
931	11.000000	7.239014	
932	12.000000	8.239990	
933	13.000000	9.240601	
934	14.000000	10.240723	
935	15.000000	11.240601	
936	16.000000	12.240234	
937	17.000000	13.239380	
938	18.000000	14.238281	
939	19.000000	15.236816	
940	0.000000	16.234985	
941	1.000000	17.232788	
942	2.000000	18.230347	
943	3.000000	14.676758	
944	4.000000	0.224365	
945	5.000000	1.220947	
946	6.000000	2.217041	
947	7.000000	3.212891	
948	8.000000	4.208374	
949	9.000000	5.203491	
950	10.000000	6.198364	
951	11.000000	7.192749	
952	12.000000	8.186890	
953	13.000000	9.180664	
954	14.000000	10.174194	
955	15.000000	11.167358	
956	16.000000	12.160156	
957	17.000000	13.152588	
958	18.000000	14.144653	
959	19.000000	15.136475	
960	0.000000	16.127930	
961	1.000000	17.119019	
962	2.000000	18.109741	
963	3.000000	17.095825	
964	4.000000	0.090332	
965	5.000000	1.080200	
966	6.000000	2.069580	
967	7.000000	3.058716	
968	8.000000	4.047485	
969	9.000000	5.035889	
970	10.000000	6.024048	
971	11.000000	7.011719	
972	12.000000	7.999268	
973	13.000000	8.986328	
974	14.000000	9.973022	
975	15.000000	10.959473	
976	16.000000	11.945557	
977	17.000000	12.931396	
978	18.000000	13.916870	
979	19.000000	14.901978	
980	0.000000	15.886719	
981	1.000000	16.871094	
982	2.000000	17.855225	
983	3.000000	18.838989	
984	4.000000	3.372314	
985	5.000000	0.805542	
986	6.000000	1.788330	
987	7.000000	2.770752	
988	8.000000	3.752930	
989	9.000000	4.734741	
990	10.000000	5.716187	
991	11.000000	6.697266	
992	12.000000	7.678101	
993	13.000000	8.658569	
994	14.000000	9.638672	
995	15.000000	10.618530	
996	16.000000	11.598022	
997	17.000000	12.577148	
998	18.000000	13.556030	
999	19.000000	14.534424	
1000	0.000000	15.512573	
1001	1.000000	16.490479	
1002	2.000000	17.468018	
1003	3.000000	18.445190	
1004	4.000000	10.982056	
1005	5.000000	0.398560	
1006	6.000000	1.374756	
1007	7.000000	2.350586	
1008	8.000000	3.326172	
1009	9.000000	4.301392	
1010	10.000000	5.276245	
1011	11.000000	6.250732	
1012	12.000000	7.225098	
1013	13.000000	8.198975	
1014	14.000000	9.172485	
1015	15.000000	10.145752	
1016	16.000000	11.118774	
1017	17.000000	12.091309	
1018	18.000000	13.063599	
1019	19.000000	14.035522	
1020	0.000000	15.007202	
1021	1.000000	15.978516	
1022	2.000000	16.949463	
1023	3.000000	17.920044	
1024	4.000000	18.890381	
1025	5.000000	2.653320	
1026	6.000000	0.830078	
1027	7.000000	1.799438	
1028	8.000000	2.768433	
1029	9.000000	3.737183	
1030	10.000000	4.705566	
1031	11.000000	5.673584	
1032	12.000000	6.641235	
1033	13.000000	7.608643	
1034	14.000000	8.575806	
1035	15.000000	9.542480	
1036	16.000000	10.508911	
1037	17.000000	11.475098	
1038	18.000000	12.440918	
1039	19.000000	13.406372	
1040	0.000000	14.371460	
1041	1.000000	15.336304	
1042	2.000000	16.300903	
1043	3.000000	17.265015	
1044	4.000000	18.228882	
1045	5.000000	15.344727	
1046	6.000000	0.155640	
1047	7.000000	1.118530	
1048	8.000000	2.081177	
1049	9.000000	3.043335	
1050	10.000000	4.005249	
1051	11.000000	4.966919	
1052	12.000000	5.928223	
1053	13.000000	6.889160	
1054	14.000000	7.849731	
1055	15.000000	8.810059	
1056	16.000000	9.770142	
1057	17.000000	10.729858	
1058	18.000000	11.689209	
1059	19.000000	12.648193	
1060	0.000000	13.607056	
1061	1.000000	14.565430	
1062	2.000000	15.523560	
1063	3.000000	16.481323	
1064	4.000000	17.438721	
1065	5.000000	18.395874	
1066	6.000000	12.297119	
1067	7.000000	0.309204	
1068	8.000000	1.265503	
1069	9.000000	2.221313	
1070	10.000000	3.176880	
1071	11.000000	4.132080	
1072	12.000000	5.087036	
1073	13.000000	6.041748	
1074	14.000000	6.995972	
1075	15.000000	7.949951	
1076	16.000000	8.903564	
1077	17.000000	9.856812	
1078	18.000000	10.809937	
1079	19.000000	11.762573	
1080	0.000000	12.714966	
1081	1.000000	13.667114	
1082	2.000000	14.618774	
1083	3.000000	15.570190	
1084	4.000000	16.521362	
1085	5.000000	17.472168	
1086	6.000000	18.422607	
1087	7.000000	11.916748	
1088	8.000000	0.322754	
1089	9.000000	1.272217	
1090	10.000000	2.221558	
1091	11.000000	3.170410	
1092	12.000000	4.119019	
1093	13.000000	5.067383	
1094	14.000000	6.015381	
1095	15.000000	6.963013	
1096	16.000000	7.910400	
1097	17.000000	8.857300	
1098	18.000000	9.804077	
1099	19.000000	10.750488	
1100	0.000000	11.696655	
1101	1.000000	12.642334	
1102	2.000000	13.587891	
1103	3.000000	14.533081	
1104	4.000000	15.477905	
1105	5.000000	16.422363	
1106	6.000000	17.366699	
1107	7.000000	18.310547	
1108	8.000000	14.171143	
1109	9.000000	0.197510	
1110	10.000000	1.140503	
1111	11.000000	2.083130	
1112	12.000000	3.025513	
1113	13.000000	3.967529	
1114	14.000000	4.909302	
1115	15.000000	5.850708	
1116	16.000000	6.791870	
1117	17.000000	7.732666	
1118	18.000000	8.673218	
1119	19.000000	9.613281	
1120	0.000000	10.553223	
1121	1.000000	11.492798	
1122	2.000000	12.432007	
1123	3.000000	13.370972	
1124	4.000000	14.309570	
1125	5.000000	15.247925	
1126	6.000000	16.186035	
1127	7.000000	17.123657	
1128	8.000000	18.061035	
1129	9.000000	18.998291	
1130	10.000000	1.233887	
1131	11.000000	0.871460	
1132	12.000000	1.807739	
1133	13.000000	2.743530	
1134	14.000000	3.679077	
1135	15.000000	4.614258	
1136	16.000000	5.549194	
1137	17.000000	6.483887	
1138	18.000000	7.418213	
1139	19.000000	8.352295	
1140	0.000000	9.286011	
1141	1.000000	10.219360	
1142	2.000000	11.152466	
1143	3.000000	12.085327	
1144	4.000000	13.017822	
1145	5.000000	13.950073	
1146	6.000000	14.881958	
1147	7.000000	15.813477	
1148	8.000000	16.744629	
1149	9.000000	17.675659	
1150	10.000000	18.606323	
1151	11.000000	8.804199	
1152	12.000000	0.466797	
1153	13.000000	1.396484	
1154	14.000000	2.325928	
1155	15.000000	3.255005	
1156	16.000000	4.183838	
1157	17.000000	5.112427	
1158	18.000000	6.040649	
1159	19.000000	6.968628	
1160	0.000000	7.896118	
1161	1.000000	8.823486	
1162	2.000000	9.750488	
1163	3.000000	10.677246	
1164	4.000000	11.603516	
1165	5.000000	12.529663	
1166	6.000000	13.455444	
1167	7.000000	14.380981	
1168	8.000000	15.306152	
1169	9.000000	16.231079	
1170	10.000000	17.155762	
1171	11.000000	18.079956	
1172	12.000000	18.925781	
1173	13.000000	1.375366	
1174	14.000000	0.850952	
1175	15.000000	1.774048	
1176	16.000000	2.696777	
1177	17.000000	3.619263	
1178	18.000000	4.541504	
1179	19.000000	5.463379	
1180	0.000000	6.384888	
1181	1.000000	7.306152	
1182	2.000000	8.227173	
1183	3.000000	9.147827	
1184	4.000000	10.068237	
1185	5.000000	10.988281	
1186	6.000000	11.908081	
1187	7.000000	12.827515	
1188	8.000000	13.746704	
1189	9.000000	14.665527	
1190	10.000000	15.584106	
1191	11.000000	16.502441	
1192	12.000000	17.420410	
1193	13.000000	18.338135	
1194	14.000000	14.145630	
1195	15.000000	0.172607	
1196	16.000000	1.089355	
1197	17.000000	2.005859	
1198	18.000000	2.921997	
1199	19.000000	3.837891	
1200	0.000000	4.753418	
1201	1.000000	5.668701	
1202	2.000000	6.583740	
1203	3.000000	7.498413	
1204	4.000000	8.412842	
1205	5.000000	9.327026	
1206	6.000000	10.240723	
1207	7.000000	11.154297	
1208	8.000000	12.067505	
1209	9.000000	12.980469	
1210	10.000000	13.893066	
1211	11.000000	14.805298	
1212	12.000000	15.717407	
1213	13.000000	16.629150	
1214	14.000000	17.540527	
1215	15.000000	18.451660	
1216	16.000000	12.111572	
1217	17.000000	0.273193	
1218	18.000000	1.183350	
1219	19.000000	2.093262	
1220	0.000000	3.003052	
1221	1.000000	3.912354	
1222	2.000000	4.821411	
1223	3.000000	5.730225	
1224	4.000000	6.638672	
1225	5.000000	7.546875	
1226	6.000000	8.454834	
1227	7.000000	9.362427	
1228	8.000000	10.269775	
1229	9.000000	11.176758	
1230	10.000000	12.083374	
1231	11.000000	12.989990	
1232	12.000000	13.895996	
1233	13.000000	14.801880	
1234	14.000000	15.707397	
1235	15.000000	16.612671	
1236	16.000000	17.517578	
1237	17.000000	18.422363	
1238	18.000000	12.793457	
1239	19.000000	0.230835	
1240	0.000000	1.134521	
1241	1.000000	2.038208	
1242	2.000000	2.941284	
1243	3.000000	3.844238	
1244	4.000000	4.746826	
1245	5.000000	5.649170	
1246	6.000000	6.551270	
1247	7.000000	7.453003	
1248	8.000000	8.354492	
1249	9.000000	9.255615	
1250	10.000000	10.156494	
1251	11.000000	11.057129	
1252	12.000000	11.957520	
1253	13.000000	12.857422	
1254	14.000000	13.757202	
1255	15.000000	14.656616	
1256	16.000000	15.555786	
1257	17.000000	16.454590	
1258	18.000000	17.353149	
1259	19.000000	18.251343	
1260	0.000000	16.161133	
1261	1.000000	0.047119	
1262	2.000000	0.944580	
1263	3.000000	1.841675	
1264	4.000000	2.738525	
1265	5.000000	3.635010	
1266	6.000000	4.531250	
1267	7.000000	5.427246	
1268	8.000000	6.322876	
1269	9.000000	7.218262	
1270	10.000000	8.113403	
1271	11.000000	9.008179	
1272	12.000000	9.902710	
1273	13.000000	10.796997	
1274	14.000000	11.690918	
1275	15.000000	12.584473	
1276	16.000000	13.477905	
1277	17.000000	14.371094	
1278	18.000000	15.263916	
1279	19.000000	16.156372	
1280	0.000000	17.048706	
1281	1.000000	17.940552	
1282	2.000000	18.832275	
1283	3.000000	5.253296	
1284	4.000000	0.614624	
1285	5.000000	1.505493	
1286	6.000000	2.395996	
1287	7.000000	3.286133	
1288	8.000000	4.176147	
1289	9.000000	5.065918	
1290	10.000000	5.955322	
1291	11.000000	6.844238	
1292	12.000000	7.733154	
1293	13.000000	8.621582	
1294	14.000000	9.509888	
1295	15.000000	10.397827	
1296	16.000000	11.285400	
1297	17.000000	12.172852	
1298	18.000000	13.059937	
1299	19.000000	13.946777	
1300	0.000000	14.833374	
1301	1.000000	15.719482	
1302	2.000000	16.605469	
1303	3.000000	17.491211	
1304	4.000000	18.376587	
1305	5.000000	14.027344	
1306	6.000000	0.146484	
1307	7.000000	1.031128	
1308	8.000000	1.915405	
1309	9.000000	2.799316	
1310	10.000000	3.682983	
1311	11.000000	4.566406	
1312	12.000000	5.449585	
1313	13.000000	6.332397	
1314	14.000000	7.214966	
1315	15.000000	8.097290	
1316	16.000000	8.979370	
1317	17.000000	9.861084	
1318	18.000000	10.742554	
1319	19.000000	11.623657	
1320	0.000000	12.504517	
1321	1.000000	13.385132	
1322	2.000000	14.265503	
1323	3.000000	15.145508	
1324	4.000000	16.025391	
1325	5.000000	16.904785	
1326	6.000000	17.783936	
1327	7.000000	18.662842	
1328	8.000000	8.711426	
1329	9.000000	0.419922	
1330	10.000000	1.297974	
1331	11.000000	2.175781	
1332	12.000000	3.053345	
1333	13.000000	3.930664	
1334	14.000000	4.807495	
1335	15.000000	5.684204	
1336	16.000000	6.560547	
1337	17.000000	7.436646	
1338	18.000000	8.312500	
1339	19.000000	9.188110	
1340	0.000000	10.063477	
1341	1.000000	10.938477	
1342	2.000000	11.813110	
1343	3.000000	12.687622	
1344	4.000000	13.561768	
1345	5.000000	14.435669	
1346	6.000000	15.309326	
1347	7.000000	16.182739	
1348	8.000000	17.055786	
1349	9.000000	17.928589	
1350	10.000000	18.801025	
1351	11.000000	6.206543	
1352	12.000000	0.545288	
1353	13.000000	1.416992	
1354	14.000000	2.288452	
1355	15.000000	3.159546	
1356	16.000000	4.030396	
1357	17.000000	4.901001	
1358	18.000000	5.771240	
1359	19.000000	6.641235	
1360	0.000000	7.510986	
1361	1.000000	8.380493	
1362	2.000000	9.249756	
1363	3.000000	10.118652	
1364	4.000000	10.987427	
1365	5.000000	11.855713	
1366	6.000000	12.723755	
1367	7.000000	13.591675	
1368	8.000000	14.459229	
1369	9.000000	15.326416	
1370	10.000000	16.193481	
1371	11.000000	17.060181	
1372	12.000000	17.926758	
1373	13.000000	18.792847	
1374	14.000000	6.484863	
1375	15.000000	0.524292	
1376	16.000000	1.389771	
1377	17.000000	2.254883	
1378	18.000000	3.119629	
1379	19.000000	3.984131	
1380	0.000000	4.848511	
1381	1.000000	5.712402	
1382	2.000000	6.576172	
1383	3.000000	7.439575	
1384	4.000000	8.302734	
1385	5.000000	9.165771	
1386	6.000000	10.028320	
1387	7.000000	10.890747	
1388	8.000000	11.752808	
1389	9.000000	12.614624	
1390	10.000000	13.476074	
1391	11.000000	14.337402	
1392	12.000000	15.198364	
1393	13.000000	16.059082	
1394	14.000000	16.919678	
1395	15.000000	17.779785	
1396	16.000000	18.639648	
1397	17.000000	9.513916	
1398	18.000000	0.358765	
1399	19.000000	1.217896	
1400	0.000000	2.076660	
1401	1.000000	2.935181	
1402	2.000000	3.793457	
1403	3.000000	4.651489	
1404	4.000000	5.509277	
1405	5.000000	6.366821	
1406	6.000000	7.223999	
1407	7.000000	8.080933	
1408	8.000000	8.937622	
1409	9.000000	9.793945	
1410	10.000000	10.650146	
1411	11.000000	11.505981	
1412	12.000000	12.361572	
1413	13.000000	13.216919	
1414	14.000000	14.072021	
1415	15.000000	14.926758	
1416	16.000000	15.781250	
1417	17.000000	16.635498	
1418	18.000000	17.489502	
1419	19.000000	18.343262	
1420	0.000000	15.261230	
1421	1.000000	0.049927	
1422	2.000000	0.902832	
1423	3.000000	1.755493	
1424	4.000000	2.607788	
1425	5.000000	3.459961	
1426	6.000000	4.311768	
1427	7.000000	5.163330	
1428	8.000000	6.014771	
1429	9.000000	6.865723	
1430	10.000000	7.716553	
1431	11.000000	8.567017	
1432	12.000000	9.417236	
1433	13.000000	10.267212	
1434	14.000000	11.116943	
1435	15.000000	11.966431	
1436	16.000000	12.815552	
1437	17.000000	13.664551	
1438	18.000000	14.513062	
1439	19.000000	15.361450	
1440	0.000000	16.209595	
1441	1.000000	17.057495	
1442	2.000000	17.905151	
1443	3.000000	18.752441	
1444	4.000000	7.609741	
1445	5.000000	0.446289	
1446	6.000000	1.292725	
1447	7.000000	2.139038	
1448	8.000000	2.984985	
1449	9.000000	3.830811	
1450	10.000000	4.676147	
1451	11.000000	5.521362	
1452	12.000000	6.366333	
1453	13.000000	7.211060	
1454	14.000000	8.055420	
1455	15.000000	8.899658	
1456	16.000000	9.743530	
1457	17.000000	10.587158	
1458	18.000000	11.430420	
1459	19.000000	12.273560	
1460	0.000000	13.116455	
1461	1.000000	13.958984	
1462	2.000000	14.801270	
1463	3.000000	15.643311	
1464	4.000000	16.485107	
1465	5.000000	17.326538	
1466	6.000000	18.167847	
1467	7.000000	18.830688	
1468	8.000000	2.857422	
1469	9.000000	0.690063	
1470	10.000000	1.530273	
1471	11.000000	2.370239	
1472	12.000000	3.209961	
1473	13.000000	4.049316	
1474	14.000000	4.888550	
1475	15.000000	5.727417	
1476	16.000000	6.566040	
1477	17.000000	7.404419	
1478	18.000000	8.242554	
1479	19.000000	9.080444	
1480	0.000000	9.917969	
1481	1.000000	10.755371	
1482	2.000000	11.592407	
1483	3.000000	12.429321	
1484	4.000000	13.265869	
1485	5.000000	14.102173	
1486	6.000000	14.938110	
1487	7.000000	15.773926	
1488	8.000000	16.609375	
1489	9.000000	17.444702	
1490	10.000000	18.279785	
1491	11.000000	16.824463	
1492	12.000000	0.969482	
1493	13.000000	0.783203	
1494	14.000000	1.617065	
1495	15.000000	2.450806	
1496	16.000000	3.284302	
1497	17.000000	4.117432	
1498	18.000000	4.950439	
1499	19.000000	5.783081	
1500	0.000000	6.615479	
1501	1.000000	7.447632	
1502	2.000000	8.279541	
1503	3.000000	9.111206	
1504	4.000000	9.942505	
1505	5.000000	10.773682	
1506	6.000000	11.604492	
1507	7.000000	12.435059	
1508	8.000000	13.265503	
1509	9.000000	14.095581	
1510	10.000000	14.925415	
1511	11.000000	15.755005	
1512	12.000000	16.584351	
1513	13.000000	17.413452	
1514	14.000000	18.242188	
1515	15.000000	17.654785	
1516	16.000000	1.918091	
1517	17.000000	0.727051	
1518	18.000000	1.554932	
1519	19.000000	2.382446	
1520	0.000000	3.209717	
1521	1.000000	4.036743	
1522	2.000000	4.863525	
1523	3.000000	5.690063	
1524	4.000000	6.516235	
1525	5.000000	7.342285	
1526	6.000000	8.167969	
1527	7.000000	8.993530	
1528	8.000000	9.818726	
1529	9.000000	10.643799	
1530	10.000000	11.468506	
1531	11.000000	12.292969	
1532	12.000000	13.117188	
1533	13.000000	13.941162	
1534	14.000000	14.764771	
1535	15.000000	15.588257	
1536	16.000000	16.411377	
1537	17.000000	17.234375	
1538	18.000000	18.057129	
1539	19.000000	18.879517	
1540	0.000000	5.666138	
1541	1.000000	0.523682	
1542	2.000000	1.345337	
1543	3.000000	2.166748	
1544	4.000000	2.987915	
1545	5.000000	3.808838	
1546	6.000000	4.629517	
1547	7.000000	5.449951	
1548	8.000000	6.270142	
1549	9.000000	7.090088	
1550	10.000000	7.909668	
1551	11.000000	8.729004	
1552	12.000000	9.548218	
1553	13.000000	10.367065	
1554	14.000000	11.185791	
1555	15.000000	12.004150	
1556	16.000000	12.822388	
1557	17.000000	13.640259	
1558	18.000000	14.457886	
1559	19.000000	15.275269	
1560	0.000000	16.092407	
1561	1.000000	16.909302	
1562	2.000000	17.725952	
1563	3.000000	18.542358	
1564	4.000000	12.188110	
1565	5.000000	0.174316	
1566	6.000000	0.989990	
1567	7.000000	1.805420	
1568	8.000000	2.620483	
1569	9.000000	3.435425	
1570	10.000000	4.250000	
1571	11.000000	5.064453	
1572	12.000000	5.878662	
1573	13.000000	6.692505	
1574	14.000000	7.506104	
1575	15.000000	8.319580	
1576	16.000000	9.132690	
1577	17.000000	9.945679	
1578	18.000000	10.758179	
1579	19.000000	11.570557	
1580	0.000000	12.382690	
1581	1.000000	13.194580	
1582	2.000000	14.006348	
1583	3.000000	14.817627	
1584	4.000000	15.628784	
1585	5.000000	16.439697	
1586	6.000000	17.250366	
1587	7.000000	18.060791	
1588	8.000000	18.870972	
1589	9.000000	6.062744	
1590	10.000000	0.490479	
1591	11.000000	1.299927	
1592	12.000000	2.109131	
1593	13.000000	2.918091	
1594	14.000000	3.726685	
1595	15.000000	4.535156	
1596	16.000000	5.343384	
1597	17.000000	6.151245	
1598	18.000000	6.958984	
1599	19.000000	7.766357	
1600	0.000000	8.573608	
1601	1.000000	9.380493	
1602	2.000000	10.187256	
1603	3.000000	10.993652	
1604	4.000000	11.799927	
1605	5.000000	12.605835	
1606	6.000000	13.411499	
1607	7.000000	14.217041	
1608	8.000000	15.022339	
1609	9.000000	15.827271	
1610	10.000000	16.631958	
1611	11.000000	17.436523	
1612	12.000000	18.240723	
1613	13.000000	18.148804	
1614	14.000000	2.878296	
1615	15.000000	0.651978	
1616	16.000000	1.455322	
1617	17.000000	2.258301	
1618	18.000000	3.061157	
1619	19.000000	3.863647	
1620	0.000000	4.665894	
1621	1.000000	5.467896	
1622	2.000000	6.269775	
1623	3.000000	7.071289	
1624	4.000000	7.872681	
1625	5.000000	8.673706	
1626	6.000000	9.474487	
1627	7.000000	10.275024	
1628	8.000000	11.075439	
1629	9.000000	11.875610	
1630	10.000000	12.675415	
1631	11.000000	13.474976	
1632	12.000000	14.274292	
1633	13.000000	15.073486	
1634	14.000000	15.872314	
1635	15.000000	16.671021	
1636	16.000000	17.469360	
1637	17.000000	18.267578	
1638	18.000000	17.756836	
1639	19.000000	2.602295	
1640	0.000000	0.660522	
1641	1.000000	1.457642	
1642	2.000000	2.254639	
1643	3.000000	3.051392	
1644	4.000000	3.847900	
1645	5.000000	4.644043	
1646	6.000000	5.440063	
1647	7.000000	6.235718	
1648	8.000000	7.031250	
1649	9.000000	7.826538	
1650	10.000000	8.621582	
1651	11.000000	9.416260	
1652	12.000000	10.210815	
1653	13.000000	11.005127	
1654	14.000000	11.799194	
1655	15.000000	12.593018	
1656	16.000000	13.386597	
1657	17.000000	14.179932	
1658	18.000000	14.973022	
1659	19.000000	15.765747	
1660	0.000000	16.558350	
1661	1.000000	17.350830	
1662	2.000000	18.142944	
1663	3.000000	18.934814	
1664	4.000000	5.197632	
1665	5.000000	0.517822	
1666	6.000000	1.309082	
1667	7.000000	2.099976	
1668	8.000000	2.890747	
1669	9.000000	3.681152	
1670	10.000000	4.471313	
1671	11.000000	5.261353	
1672	12.000000	6.051025	
1673	13.000000	6.840576	
1674	14.000000	7.629883	
1675	15.000000	8.418823	
1676	16.000000	9.207642	
1677	17.000000	9.996216	
1678	18.000000	10.784546	
1679	19.000000	11.572510	
1680	0.000000	12.360352	
1681	1.000000	13.148071	
1682	2.000000	13.935425	
1683	3.000000	14.722534	
1684	4.000000	15.509399	
1685	5.000000	16.296021	
1686	6.000000	17.082397	
1687	7.000000	17.868652	
1688	8.000000	18.654541	
1689	9.000000	10.634155	
1690	10.000000	0.225708	
1691	11.000000	1.010986	
1692	12.000000	1.796021	
1693	13.000000	2.580688	
1694	14.000000	3.365234	
1695	15.000000	4.149536	
1696	16.000000	4.933594	
1697	17.000000	5.717407	
1698	18.000000	6.500977	
1699	19.000000	7.284302	
1700	0.000000	8.067383	
1701	1.000000	8.850220	
1702	2.000000	9.632935	
1703	3.000000	10.415283	
1704	4.000000	11.197510	
1705	5.000000	11.979370	
1706	6.000000	12.761108	
1707	7.000000	13.542480	
1708	8.000000	14.323730	
1709	9.000000	15.104736	
1710	10.000000	15.885498	
1711	11.000000	16.666016	
1712	12.000000	17.446289	
1713	13.000000	18.226318	
1714	14.000000	18.881714	
1715	15.000000	4.070435	
1716	16.000000	0.565063	
1717	17.000000	1.344238	
1718	18.000000	2.123047	
1719	19.000000	2.901855	
1720	0.000000	3.680176	
1721	1.000000	4.458374	
1722	2.000000	5.236328	
1723	3.000000	6.014038	
1724	4.000000	6.791504	
1725	5.000000	7.568726	
1726	6.000000	8.345703	
1727	7.000000	9.122559	
1728	8.000000	9.899170	
1729	9.000000	10.675415	
1730	10.000000	11.451538	
1731	11.000000	12.227417	
1732	12.000000	13.003052	
1733	13.000000	13.778442	
1734	14.000000	14.553589	
1735	15.000000	15.328491	
1736	16.000000	16.103271	
1737	17.000000	16.877686	
1738	18.000000	17.651855	
1739	19.000000	18.425903	
1740	0.000000	15.207886	
1741	1.000000	0.510254	
1742	2.000000	0.746460	
1743	3.000000	1.519531	
1744	4.000000	2.292358	
1745	5.000000	3.065063	
1746	6.000000	3.837402	
1747	7.000000	4.609497	
1748	8.000000	5.381470	
1749	9.000000	6.153198	
1750	10.000000	6.924683	
1751	11.000000	7.695801	
1752	12.000000	8.466797	
1753	13.000000	9.237671	
1754	14.000000	10.008301	
1755	15.000000	10.778442	
1756	16.000000	11.548584	
1757	17.000000	12.318481	
1758	18.000000	13.088135	
1759	19.000000	13.857422	
1760	0.000000	14.626587	
1761	1.000000	15.395508	
1762	2.000000	16.164307	
1763	3.000000	16.932739	
1764	4.000000	17.700928	
1765	5.000000	18.468994	
1766	6.000000	14.500488	
1767	7.000000	0.004395	
1768	8.000000	0.771729	
1769	9.000000	1.538818	
1770	10.000000	2.305664	
1771	11.000000	3.072266	
1772	12.000000	3.838745	
1773	13.000000	4.604980	
1774	14.000000	5.370850	
1775	15.000000	6.136597	
1776	16.000000	6.902100	
1777	17.000000	7.667480	
1778	18.000000	8.432495	
1779	19.000000	9.197266	
1780	0.000000	9.961914	
1781	1.000000	10.726196	
1782	2.000000	11.490356	
1783	3.000000	12.254395	
1784	4.000000	13.018066	
1785	5.000000	13.781494	
1786	6.000000	14.544800	
1787	7.000000	15.307739	
1788	8.000000	16.070557	
1789	9.000000	16.833130	
1790	10.000000	17.595459	
1791	11.000000	18.357544	
1792	12.000000	16.729370	
1793	13.000000	2.259033	
1794	14.000000	0.642578	
1795	15.000000	1.403809	
1796	16.000000	2.164795	
1797	17.000000	2.925537	
1798	18.000000	3.686035	
1799	19.000000	4.446289	
1800	0.000000	5.206421	
1801	1.000000	5.966187	
1802	2.000000	6.725830	
1803	3.000000	7.485229	
1804	4.000000	8.244385	
1805	5.000000	9.003418	
1806	6.000000	9.762085	
1807	7.000000	10.520630	
1808	8.000000	11.278931	
1809	9.000000	12.036987	
1810	10.000000	12.794800	
1811	11.000000	13.552368	
1812	12.000000	14.309814	
1813	13.000000	15.067017	
1814	14.000000	15.823853	
1815	15.000000	16.580566	
1816	16.000000	17.337036	
1817	17.000000	18.093262	
1818	18.000000	18.849365	
1819	19.000000	7.500732	
1820	0.000000	0.360718	
1821	1.000000	1.116211	
1822	2.000000	1.871338	
1823	3.000000	2.626221	
1824	4.000000	3.380859	
1825	5.000000	4.135498	
1826	6.000000	4.889648	
1827	7.000000	5.643677	
1828	8.000000	6.397461	
1829	9.000000	7.151123	
1830	10.000000	7.904419	
1831	11.000000	8.657593	
1832	12.000000	9.410522	
1833	13.000000	10.163208	
1834	14.000000	10.915771	
1835	15.000000	11.667969	
1836	16.000000	12.420044	
1837	17.000000	13.171875	
1838	18.000000	13.923340	
1839	19.000000	14.674805	
1840	0.000000	15.425903	
1841	1.000000	16.176880	
1842	2.000000	16.927612	
1843	3.000000	17.677979	
1844	4.000000	18.428345	
1845	5.000000	15.611450	
1846	6.000000	1.363770	
1847	7.000000	0.677734	
1848	8.000000	1.427124	
1849	9.000000	2.176392	
1850	10.000000	2.925293	
1851	11.000000	3.673950	
1852	12.000000	4.422485	
1853	13.000000	5.170776	
1854	14.000000	5.918945	
1855	15.000000	6.666626	
1856	16.000000	7.414307	
1857	17.000000	8.161743	
1858	18.000000	8.908936	
1859	19.000000	9.655762	
1860	0.000000	10.402588	
1861	1.000000	11.149170	
1862	2.000000	11.895386	
1863	3.000000	12.641479	
1864	4.000000	13.387451	
1865	5.000000	14.133057	
1866	6.000000	14.878540	
1867	7.000000	15.623657	
1868	8.000000	16.368652	
1869	9.000000	17.113525	
1870	10.000000	17.858032	
1871	11.000000	18.602295	
1872	12.000000	12.417725	
1873	13.000000	0.090454	
1874	14.000000	0.834106	
1875	15.000000	1.577515	
1876	16.000000	2.320801	
1877	17.000000	3.063843	
1878	18.000000	3.806641	
1879	19.000000	4.549194	
1880	0.000000	5.291504	
1881	1.000000	6.033813	
1882	2.000000	6.775635	
1883	3.000000	7.517334	
1884	4.000000	8.258911	
1885	5.000000	9.000244	
1886	6.000000	9.741333	
1887	7.000000	10.482178	
1888	8.000000	11.222778	
1889	9.000000	11.963257	
1890	10.000000	12.703491	
1891	11.000000	13.443481	
1892	12.000000	14.183228	
1893	13.000000	14.922852	
1894	14.000000	15.662109	
1895	15.000000	16.401245	
1896	16.000000	17.140259	
1897	17.000000	17.878906	
1898	18.000000	18.617310	
1899	19.000000	12.243774	
1900	0.000000	0.093628	
1901	1.000000	0.831543	
1902	2.000000	1.569092	
1903	3.000000	2.306519	
1904	4.000000	3.043701	
1905	5.000000	3.780640	
1906	6.000000	4.517456	
1907	7.000000	5.254028	
1908	8.000000	5.990356	
1909	9.000000	6.726440	
1910	10.000000	7.462280	
1911	11.000000	8.198120	
1912	12.000000	8.933594	
1913	13.000000	9.668701	
1914	14.000000	10.403809	
1915	15.000000	11.138672	
1916	16.000000	11.873291	
1917	17.000000	12.607666	
1918	18.000000	13.341797	
1919	19.000000	14.075806	
1920	0.000000	14.809570	
1921	1.000000	15.543091	
1922	2.000000	16.276489	
1923	3.000000	17.009521	
1924	4.000000	17.742432	
1925	5.000000	18.475098	
1926	6.000000	15.054810	
1927	7.000000	1.141113	
1928	8.000000	0.671997	
1929	9.000000	1.403809	
1930	10.000000	2.135498	
1931	11.000000	2.866821	
1932	12.000000	3.598022	
1933	13.000000	4.328979	
1934	14.000000	5.059814	
1935	15.000000	5.790405	
1936	16.000000	6.520752	
1937	17.000000	7.250854	
1938	18.000000	7.980835	
1939	19.000000	8.710571	
1940	0.000000	9.440063	
1941	1.000000	10.169312	
1942	2.000000	10.898438	
1943	3.000000	11.627319	
1944	4.000000	12.355957	
1945	5.000000	13.084473	
1946	6.000000	13.812744	
1947	7.000000	14.540649	
1948	8.000000	15.268555	
1949	9.000000	15.996216	
1950	10.000000	16.723511	
1951	11.000000	17.450684	
1952	12.000000	18.177734	
1953	13.000000	18.904419	
1954	14.000000	7.011353	
1955	15.000000	0.357300	
1956	16.000000	1.083496	
1957	17.000000	1.809448	
1958	18.000000	2.535034	
1959	19.000000	3.260620	
1960	0.000000	3.985962	
1961	1.000000	4.710938	
1962	2.000000	5.435791	
1963	3.000000	6.160522	
1964	4.000000	6.884888	
1965	5.000000	7.609131	
1966	6.000000	8.333252	
1967	7.000000	9.057007	
1968	8.000000	9.780640	
1969	9.000000	10.504028	
1970	10.000000	11.227295	
1971	11.000000	11.950317	
1972	12.000000	12.673096	
1973	13.000000	13.395630	
1974	14.000000	14.117920	
1975	15.000000	14.840088	
1976	16.000000	15.562012	
1977	17.000000	16.283813	
1978	18.000000	17.005371	
1979	19.000000	17.726685	
1980	0.000000	18.447754	
1981	1.000000	15.794678	
1982	2.000000	2.103638	
1983	3.000000	0.609741	
1984	4.000000	1.330078	
1985	5.000000	2.050293	
1986	6.000000	2.770020	
1987	7.000000	3.489624	
1988	8.000000	4.209106	
1989	9.000000	4.928467	
1990	10.000000	5.647461	
1991	11.000000	6.366211	
1992	12.000000	7.084839	
1993	13.000000	7.803345	
1994	14.000000	8.521484	
1995	15.000000	9.239502	
1996	16.000000	9.957275	
1997	17.000000	10.674927	
1998	18.000000	11.392212	
1999	19.000000	12.109497	
2000	0.000000	12.826416	
2001	1.000000	13.543213	
2002	2.000000	14.259766	
2003	3.000000	14.976074	
2004	4.000000	15.692261	
2005	5.000000	16.408203	
2006	6.000000	17.123901	
2007	7.000000	17.839478	
2008	8.000000	18.554688	
2009	9.000000	13.871948	
2010	10.000000	0.287598	
2011	11.000000	0.699463	
2012	12.000000	1.413940	
2013	13.000000	2.128296	
2014	14.000000	2.842407	
2015	15.000000	3.556274	
2016	16.000000	4.269897	
2017	17.000000	4.983398	
2018	18.000000	5.696655	
2019	19.000000	6.409668	
2020	0.000000	7.122559	
2021	1.000000	7.835205	
2022	2.000000	8.547607	
2023	3.000000	9.259888	
2024	4.000000	9.972046	
2025	5.000000	10.683838	
2026	6.000000	11.395386	
2027	7.000000	12.106934	
2028	8.000000	12.818115	
2029	9.000000	13.529175	
2030	10.000000	14.239990	
2031	11.000000	14.950562	
2032	12.000000	15.660889	
2033	13.000000	16.371094	
2034	14.000000	17.081177	
2035	15.000000	17.791016	
2036	16.000000	18.500610	
2037	17.000000	15.008423	
2038	18.000000	1.535400	
2039	19.000000	0.628174	
2040	0.000000	1.336914	
2041	1.000000	2.045532	
2042	2.000000	2.753906	
2043	3.000000	3.462036	
2044	4.000000	4.170166	
2045	5.000000	4.877808	
2046	6.000000	5.585449	
2047	7.000000	7.000000	
